season,Andy_lines,Angela_lines,Creed_lines,Darryl_lines,Dwight_lines,Erin_lines,Jim_lines,Kelly_lines,Kevin_lines,Meredith_lines,Michael_lines,Oscar_lines,Pam_lines,Phyllis_lines,Ryan_lines,Stanley_lines,Toby_lines,Andy_scenes,Angela_scenes,Creed_scenes,Darryl_scenes,Dwight_scenes,Erin_scenes,Jim_scenes,Kelly_scenes,Kevin_scenes,Meredith_scenes,Michael_scenes,Oscar_scenes,Pam_scenes,Phyllis_scenes,Ryan_scenes,Stanley_scenes,Toby_scenes,episode_number,episode_title,description,ratings,viewership_mil,scaled_ratings
1,0.0,1.0,0.0,0.0,29.0,0.0,36.0,0.0,1.0,0.0,81.0,3.0,41.0,2.0,8.0,5.0,0.0,0,1,0,0,10,0,11,0,1,0,20,3,14,2,5,2,0,0.0,Pilot,"The premiere episode introduces the boss and staff of the Dunder-Mifflin Paper Company in Scranton, Pennsylvania in a documentary about the workplace.",7.5,11.2,0.28125
1,0.0,4.0,0.0,0.0,19.0,0.0,27.0,2.0,8.0,0.0,81.0,13.0,16.0,0.0,4.0,5.0,2.0,0,1,0,0,6,0,11,2,5,0,25,2,7,0,1,2,1,1.0,Diversity Day,"Michael's off color remark puts a sensitivity trainer in the office for a presentation, which prompts Michael to create his own.",8.3,6.0,0.53125
1,0.0,5.0,0.0,0.0,62.0,0.0,42.0,0.0,6.0,3.0,56.0,9.0,32.0,0.0,1.0,6.0,0.0,0,3,0,0,16,0,11,0,4,2,19,5,10,0,1,5,0,2.0,Health Care,"Michael leaves Dwight in charge of picking the new healthcare plan for the staff, with disastrous results ahead.",7.8,5.8,0.375
1,0.0,7.0,0.0,0.0,58.0,0.0,49.0,0.0,3.0,10.0,79.0,14.0,22.0,5.0,4.0,2.0,4.0,0,4,0,0,24,0,21,0,2,3,19,4,10,2,2,2,2,3.0,The Alliance,"Just for a laugh, Jim agrees to an alliance with Dwight regarding the downsizing rumors.",8.1,5.4,0.46875
1,0.0,3.0,0.0,15.0,26.0,0.0,22.0,0.0,1.0,0.0,106.0,2.0,14.0,4.0,8.0,3.0,0.0,0,2,0,7,9,0,13,0,1,0,31,2,6,3,5,1,0,4.0,Basketball,Michael and his staff challenge the warehouse workers to a basketball game with a bet looming over both parties.,8.4,5.0,0.5625
1,0.0,3.0,0.0,0.0,28.0,0.0,55.0,0.0,5.0,0.0,106.0,1.0,45.0,0.0,12.0,3.0,7.0,0,1,0,0,7,0,9,0,2,0,21,1,11,0,4,1,1,5.0,Hot Girl,Michael is just one of the many male staff who start vying for the attention of an attractive saleswoman in the office.,7.7,4.8,0.34375
2,0.0,3.0,0.0,1.0,39.0,0.0,33.0,8.0,1.0,0.0,106.0,4.0,41.0,10.0,2.0,8.0,0.0,0,2,0,1,13,0,16,4,1,0,36,3,22,5,2,3,0,6.0,The Dundies,"Very much unlike his staff, an overeager Michael can't wait for this year's annual Dundies awards.",8.7,9.0,0.6562499999999996
2,0.0,2.0,0.0,9.0,11.0,0.0,16.0,0.0,6.0,1.0,100.0,0.0,27.0,6.0,1.0,1.0,26.0,0,1,0,2,5,0,8,0,3,1,26,0,13,2,1,1,10,7.0,Sexual Harassment,The office reviews its sexual harassment policy in light of explicit e-mails.,8.2,7.13,0.4999999999999996
2,0.0,6.0,0.0,0.0,58.0,0.0,56.0,0.0,9.0,1.0,83.0,10.0,35.0,2.0,5.0,3.0,0.0,0,3,0,0,20,0,22,0,4,1,22,5,12,2,3,3,0,8.0,Office Olympics,"Ready to finalize his deal for a new condo, Michael is away with Dwight while Jim rallies the staff together for office games.",8.4,8.3,0.5625
2,0.0,17.0,0.0,0.0,65.0,0.0,51.0,4.0,5.0,4.0,69.0,4.0,22.0,6.0,40.0,5.0,0.0,0,4,0,0,20,0,14,2,4,3,26,2,9,3,18,4,0,9.0,The Fire,A fire in the kitchen relegates the staff to the parking lot as help is on its way.,8.4,7.6,0.5625
2,0.0,13.0,16.0,0.0,33.0,0.0,30.0,3.0,2.0,0.0,112.0,7.0,27.0,3.0,1.0,3.0,0.0,0,4,3,0,10,0,11,1,2,0,23,3,11,1,1,1,0,10.0,Halloween,"Michael is pressured by corporate to fire someone, which puts a damper on the office Halloween party.",8.1,8.0,0.46875
2,0.0,3.0,0.0,0.0,70.0,0.0,49.0,3.0,3.0,0.0,86.0,0.0,25.0,0.0,18.0,3.0,5.0,0,3,0,0,17,0,13,1,3,0,19,0,9,0,6,3,3,11.0,The Fight,Jim rallies the staff together to witness a showdown between Michael and Dwight at Dwight's martial arts school.,8.1,7.9,0.46875
2,0.0,0.0,0.0,0.0,22.0,0.0,40.0,1.0,1.0,0.0,73.0,4.0,32.0,4.0,6.0,0.0,1.0,0,0,0,0,10,0,16,1,1,0,21,2,14,2,3,0,1,12.0,The Client,"With Michael and Jan Levinson-Gould away from the office to land a new client, the staff discovers an unproduced screenplay in Michael's office.",8.6,7.5,0.625
2,0.0,5.0,1.0,0.0,42.0,0.0,26.0,2.0,4.0,0.0,110.0,5.0,30.0,1.0,1.0,4.0,1.0,0,3,1,0,9,0,8,2,2,0,26,3,11,1,1,2,1,13.0,Performance Review,"Instead of talking to his employees about their work, Michael uses their annual review time to gather feedback on his ""relationship"" with Jan.",8.2,8.0,0.4999999999999996
2,0.0,13.0,0.0,0.0,34.0,0.0,53.0,1.0,8.0,0.0,80.0,6.0,38.0,4.0,2.0,2.0,0.0,0,5,0,0,9,0,10,1,6,0,21,3,13,3,1,2,0,14.0,E-Mail Surveillance,"Michael decides to set up e-mail surveillance for all company e-mail, and discovers that Jim has invited everyone over for a barbeque except him.",8.4,8.1,0.5625
2,0.0,9.0,4.0,11.0,43.0,0.0,27.0,9.0,12.0,10.0,90.0,10.0,17.0,6.0,15.0,5.0,3.0,0,8,3,3,21,0,13,5,11,6,33,8,11,5,7,4,3,15.0,Christmas Party,"Seeing the party is headed for disastrous boredom, Michael breaks corporate policy to buy alcohol for the staff.",8.9,9.7,0.71875
2,0.0,1.0,1.0,3.0,26.0,0.0,31.0,4.0,0.0,3.0,79.0,1.0,18.0,6.0,2.0,10.0,0.0,0,1,1,3,12,0,11,1,0,3,26,1,8,4,1,2,0,16.0,Booze Cruise,"The Dunder Mifflin staff go on a mandatory ""booze cruise"" to hear Michael give a motivational talk.",8.6,8.7,0.625
2,0.0,5.0,1.0,0.0,60.0,0.0,55.0,1.0,2.0,1.0,124.0,3.0,57.0,3.0,13.0,4.0,7.0,0,2,1,0,13,0,15,1,2,1,25,2,13,2,5,2,1,17.0,The Injury,"Michael's ""injury"" from a George Foreman Grill distracts the staff from Dwight, the one with the real injury.",9.1,10.3,0.7812499999999996
2,0.0,5.0,3.0,0.0,38.0,0.0,50.0,5.0,8.0,0.0,92.0,9.0,27.0,0.0,7.0,3.0,3.0,0,3,2,0,14,0,14,3,5,0,27,2,7,0,4,2,2,18.0,The Secret,"Jim fears the secret he told to Michael, in confidence, will be revealed to the staff.",8.3,8.7,0.53125
2,0.0,3.0,9.0,3.0,25.0,0.0,33.0,10.0,8.0,0.0,101.0,5.0,28.0,1.0,13.0,2.0,8.0,0,2,4,1,8,0,11,6,3,0,28,4,17,1,6,2,3,19.0,The Carpet,Michael's office becomes the victim of an odorous prank which subjects the office to his punishment.,7.8,8.6,0.375
2,0.0,5.0,0.0,27.0,12.0,0.0,22.0,9.0,4.0,5.0,76.0,0.0,26.0,9.0,2.0,1.0,0.0,0,3,0,7,6,0,6,5,3,4,25,0,10,5,2,1,0,20.0,Boys and Girls,"Jan comes into the Scranton Branch to give all the female employees a group seminar on women in the workplace. Upset that he is not allowed in on the proceedings, Michael takes all the men ...
                    See full summaryÃƒâ€šÃ‚Â Ãƒâ€šÃ‚Â»",8.2,5.42,0.4999999999999996
2,0.0,4.0,1.0,0.0,19.0,0.0,17.0,13.0,5.0,2.0,48.0,2.0,24.0,3.0,4.0,0.0,0.0,0,2,1,0,6,0,8,3,3,1,23,2,12,3,2,0,0,21.0,Valentine's Day,"When Michael visits Dunder Mifflin corporate headquarters in New York on Valentine's Day, he and Jan are both in for a surprise. Meanwhile, back in Scranton, the office staff celebrates Valentine's Day grade school style.",8.3,8.95,0.53125
2,0.0,4.0,4.0,0.0,53.0,0.0,35.0,5.0,4.0,1.0,59.0,3.0,20.0,5.0,7.0,5.0,4.0,0,3,3,0,20,0,14,3,3,1,23,3,9,4,5,1,1,22.0,Dwight's Speech,Michael coaches pompous Dwight on the finer art of public speaking after being named as Salesman of the Year.,8.5,8.4,0.59375
2,0.0,4.0,4.0,1.0,23.0,0.0,18.0,6.0,5.0,2.0,78.0,1.0,21.0,0.0,10.0,7.0,13.0,0,2,1,1,8,0,8,2,3,2,20,1,10,0,5,4,4,23.0,Take Your Daughter to Work Day,"A routine office day is changed when children come to Dunder Mifflin for ""Take Your Daughter to Work Day."" Michael is surprised when he strikes up a friendship with the five-year old ...
                    See full summaryÃƒâ€šÃ‚Â Ãƒâ€šÃ‚Â»",8.3,8.8,0.53125
2,0.0,12.0,0.0,0.0,45.0,0.0,22.0,4.0,14.0,1.0,87.0,7.0,26.0,2.0,3.0,3.0,8.0,0,5,0,0,15,0,11,3,8,1,24,4,14,1,3,3,3,24.0,Michael's Birthday,"In celebration of his birthday, Michael makes a mandatory invite of the staff during the workday to go ice skating.",8.1,7.8,0.46875
2,0.0,7.0,1.0,0.0,71.0,0.0,20.0,5.0,6.0,0.0,50.0,6.0,15.0,3.0,7.0,6.0,5.0,0,4,1,0,24,0,8,2,5,0,12,4,7,2,3,2,2,25.0,Drug Testing,Dwight plays the role of Volunteer Sheriff after finding half a joint in the Dunder Mifflin parking lot leading to an investigation. Pam gives Jim a play challenge which he tries to complete.,8.4,7.8,0.5625
2,0.0,12.0,3.0,0.0,33.0,0.0,28.0,2.0,3.0,0.0,88.0,9.0,24.0,12.0,4.0,4.0,22.0,0,8,3,0,16,0,12,1,2,0,33,3,11,6,2,3,9,26.0,Conflict Resolution,"When Michael takes over conflict resolution duties from HR, chaos ensues at Dunder Mifflin.",8.7,7.4,0.6562499999999996
2,0.0,5.0,4.0,8.0,34.0,0.0,52.0,1.0,16.0,1.0,103.0,4.0,45.0,8.0,1.0,3.0,5.0,0,3,4,3,13,0,14,1,8,1,22,3,17,3,1,2,4,27.0,Casino Night,The Dunder Mifflin crew holds a casino party at the warehouse and Michael has two dates.,9.4,7.6,0.875
3,8.0,4.0,1.0,0.0,18.0,0.0,13.0,1.0,1.0,2.0,63.0,17.0,12.0,3.0,1.0,1.0,10.0,4,4,1,0,11,0,9,1,1,2,28,13,6,2,1,1,4,28.0,Gay Witch Hunt,"Michael apologizes to Oscar, after he finds out he's gay, for calling him a homosexual slur--but his apology outs Oscar to the entire office. And Jim decides to take a promotion at the Stamford office.",9.0,9.11,0.75
3,0.0,10.0,2.0,0.0,44.0,0.0,32.0,8.0,3.0,1.0,122.0,0.0,30.0,2.0,8.0,1.0,6.0,0,7,1,0,19,0,9,4,1,1,31,0,10,1,3,1,2,29.0,The Convention,"Michael and Dwight go to a convention in Philadelphia and run into Jim, and Michael becomes jealous of Jim's relationship with his new boss. Meanwhile, Pam gets ready for her first date since her engagement.",8.2,7.78,0.4999999999999996
3,10.0,13.0,3.0,0.0,77.0,0.0,17.0,8.0,5.0,0.0,83.0,0.0,20.0,5.0,1.0,3.0,0.0,3,8,2,0,24,0,8,3,4,0,27,0,12,4,1,2,0,30.0,The Coup,"Michael is in trouble once again as Jan busts him for declaring it's ""Movie Monday"" where everyone watches a movie and neglects work. Angela pushes Dwight to make a move on Michael's job while Pam and Jim find creative ways to waste time.",8.5,8.89,0.59375
3,4.0,7.0,6.0,0.0,40.0,0.0,19.0,5.0,9.0,1.0,106.0,0.0,34.0,3.0,7.0,6.0,10.0,2,6,1,0,17,0,8,4,6,1,31,0,13,3,4,3,5,31.0,Grief Counseling,Michael takes on the role of office grief counselor when he learns that his old boss has died.,8.0,8.83,0.4375
3,8.0,4.0,0.0,0.0,57.0,0.0,47.0,6.0,4.0,0.0,44.0,0.0,56.0,2.0,43.0,9.0,1.0,3,1,0,0,24,0,6,2,4,0,15,0,11,2,23,6,1,32.0,Initiation,Dwight takes former temp Ryan to his beet farm to initiate Ryan to his new job at Dunder Mifflin.,8.1,8.46,0.46875
3,18.0,10.0,1.0,0.0,8.0,0.0,20.0,20.0,9.0,2.0,77.0,0.0,26.0,2.0,12.0,1.0,2.0,8,6,1,0,5,0,11,7,6,2,23,0,11,2,3,1,1,33.0,Diwali,"Michael encourages the entire Scranton branch to support Kelly and attend a local celebration of Diwali, the Hindu Festival of Lights. Meanwhile, Andy convinces Jim to turn a late night of work into a drinking game.",7.9,8.81,0.40625
3,5.0,7.0,0.0,4.0,38.0,0.0,21.0,2.0,12.0,0.0,67.0,0.0,22.0,8.0,7.0,1.0,3.0,3,4,0,1,10,0,9,2,4,0,17,0,9,4,5,1,2,34.0,Branch Closing,"When Jan tells Michael that the Scranton Branch will be shutting down, Michael strives to keep his staff's spirits up. Meanwhile, everyone privately begins to envision how their lives will change in the aftermath.",8.6,8.05,0.625
3,55.0,7.0,2.0,0.0,84.0,0.0,81.0,6.0,21.0,11.0,149.0,0.0,45.0,8.0,11.0,4.0,16.0,15,3,2,0,24,0,18,2,10,5,37,0,11,2,5,4,5,35.0,The Merger,Jan informs Michael that the Scanton branch of Dunder Mifflin will be merging with the Stamford Branch. Jim and Pam are reunited while the other employees of both branches must adjust to their new co-workers.,8.7,8.63,0.6562499999999996
3,17.0,10.0,2.0,0.0,4.0,0.0,31.0,0.0,13.0,1.0,54.0,0.0,16.0,1.0,3.0,2.0,4.0,7,3,1,0,3,0,9,0,5,1,17,0,9,1,2,2,2,36.0,The Convict,"Michael learns that one of the new employees at Dunder Mifflin Scranton has a criminal record. Meanwhile, Jim helps Andy make a move on Pam.",8.3,9.07,0.53125
3,28.0,51.0,4.0,3.0,62.0,0.0,45.0,19.0,15.0,3.0,115.0,1.0,57.0,15.0,22.0,5.0,15.0,14,19,4,1,22,0,21,6,12,3,32,1,20,10,7,4,5,37.0,A Benihana Christmas,"Trouble among the members of the party planning committee results with Pam and Karen hosting a rival Christmas party, but Michael isn't interested in celebrating after being dumped by Carol.",8.8,8.44,0.6875
3,10.0,7.0,4.0,6.0,39.0,0.0,33.0,2.0,10.0,2.0,100.0,0.0,43.0,5.0,2.0,10.0,9.0,5,5,3,2,15,0,12,2,8,2,31,0,17,4,2,5,2,38.0,Back from Vacation,"Michael isn't supposed to let anyone know that he and Jan went on vacation together in Jamaica, but he accidentally circulates a compromising photo of them to the office via e-mail.",8.5,8.8,0.59375
3,29.0,13.0,0.0,0.0,33.0,0.0,29.0,2.0,4.0,0.0,48.0,0.0,9.0,10.0,8.0,8.0,0.0,15,6,0,0,14,0,12,1,1,0,16,0,3,5,5,4,0,39.0,Traveling Salesmen,"Dwight does a favor for Angela to keep her from getting in trouble. Andy finds out and uses it against him to get in tighter with Michael. Now Dwight must fess up, which will reveal his relationship with Angela, or risk getting fired.",8.6,10.12,0.625
3,40.0,14.0,3.0,0.0,25.0,0.0,25.0,0.0,3.0,2.0,48.0,11.0,10.0,3.0,3.0,2.0,0.0,12,6,1,0,12,0,9,0,2,1,15,5,6,2,1,1,0,40.0,The Return,"Andy does the impossible--he makes everyone in the office miss Dwight, who is forced to take a job at Staples. Meanwhile, Oscar comes back to the office and Michael predictably throws a stereotypical Mexican party to celebrate.",8.8,10.2,0.6875
3,0.0,5.0,0.0,0.0,29.0,0.0,25.0,3.0,3.0,2.0,77.0,0.0,30.0,0.0,6.0,1.0,0.0,0,4,0,0,13,0,10,1,2,2,27,0,10,0,3,1,0,41.0,Ben Franklin,"Michael asks Jim to get a male stripper for Phyllis's office bachelorette party, but he gets a Ben Franklin impersonator instead. Meanwhile, the men's bachelor party goes as planned until Michael becomes uncomfortable with the stripper.",8.1,10.11,0.46875
3,0.0,3.0,0.0,0.0,25.0,0.0,19.0,6.0,4.0,1.0,49.0,0.0,15.0,15.0,0.0,2.0,2.0,0,2,0,0,14,0,13,3,3,1,21,0,7,7,0,1,2,42.0,Phyllis' Wedding,"Michael exaggerates the importance of his small role in Phyllis's wedding and makes an ass out of himself, and Pam notices that Phyllis stole all of her wedding ideas from her original wedding plans.",8.2,8.84,0.4999999999999996
3,0.0,5.0,8.0,0.0,25.0,0.0,20.0,11.0,7.0,12.0,65.0,9.0,29.0,0.0,16.0,2.0,3.0,0,4,5,0,16,0,6,4,3,5,21,2,11,0,10,2,2,43.0,Business School,"Michael is a guest speaker for Ryan's business class, but they have a falling-out after Michael finds out that Ryan spoke negatively about Dunder-Mifflin. And back at the office, Dwight tries to kill a bat that he found in the ceiling.",8.9,8.84,0.71875
3,0.0,3.0,2.0,0.0,35.0,0.0,22.0,4.0,12.0,2.0,85.0,1.0,24.0,0.0,12.0,5.0,5.0,0,3,2,0,15,0,10,3,7,1,24,1,12,0,3,2,2,44.0,Cocktails,"While Michael and Jan go to their first Dunder Mifflin outing as an official couple, the office workers left behind go out for happy hour. During happy hour, Roy finds out that Jim and Pam kissed at Casino Night.",8.5,8.3,0.59375
3,2.0,11.0,3.0,43.0,18.0,0.0,41.0,14.0,8.0,0.0,107.0,4.0,16.0,4.0,9.0,4.0,17.0,2,5,2,9,10,0,13,3,7,0,26,1,8,2,2,3,9,45.0,The Negotiation,"Dwight saves Jim from an attack by Roy, but Dwight won't allow Jim to thank him for it. Meanwhile, Darryl asks Michael for a pay raise, and Michael discovers that he is woefully underpaid--so Michael goes to headquarters to ask for one himself.",9.0,6.74,0.75
3,34.0,5.0,4.0,32.0,70.0,0.0,31.0,11.0,22.0,0.0,102.0,3.0,21.0,3.0,9.0,5.0,8.0,14,3,3,8,20,0,11,5,11,0,29,2,11,2,6,4,2,46.0,Safety Training,"Andy returns to the office after weeks of anger management training, determined to make a fresh start with all the Dunder-Mifflin employees. Meanwhile, it's safety training day in the office, and Michael and Dwight are on a mission to illuminate the dangers of the workplace.",8.8,7.71,0.6875
3,56.0,25.0,15.0,0.0,42.0,0.0,74.0,25.0,10.0,0.0,68.0,9.0,16.0,1.0,3.0,1.0,0.0,13,10,11,0,20,0,22,9,5,0,24,6,11,1,3,1,0,47.0,Product Recall,"Michael tries to be proactive during a watermark crisis, but only makes the situation worse. Meanwhile, Angela has trouble being apologetic with customers, and Andy discovers a secret about his new girlfriend.",8.7,7.56,0.6562499999999996
3,16.0,11.0,6.0,0.0,46.0,0.0,33.0,7.0,11.0,5.0,92.0,0.0,36.0,12.0,5.0,2.0,7.0,9,9,5,0,17,0,11,5,5,4,28,0,17,6,2,1,3,48.0,Women's Appreciation,"Phyllis gets flashed in the parking lot, and Dwight goes all out to secure the premises. Michael ostensibly takes the women in the office to the mall to comfort them, but he's really doing it to get advice about breaking up with Jan.",8.8,7.0,0.6875
3,21.0,8.0,2.0,0.0,50.0,0.0,30.0,9.0,6.0,7.0,145.0,5.0,30.0,5.0,5.0,12.0,4.0,13,5,2,0,19,0,13,4,5,5,48,5,17,5,2,7,2,49.0,Beach Games,"Michael uses ""beach day"" at Dunder-Mifflin to find out which employee would be his most capable replacement, just in case he receives the promotion to the New York office that he's applied for.",9.2,7.2,0.8124999999999996
3,30.0,6.0,3.0,0.0,70.0,0.0,65.0,7.0,17.0,6.0,123.0,12.0,51.0,5.0,4.0,7.0,0.0,13,3,3,0,19,0,18,3,7,3,33,7,28,3,3,3,0,50.0,The Job,"Michael appoints Dwight as regional manager, anticipating that he will receive the job at corporate. Jim and Karen also interview for the same position. And Michael gets back together with Jan after she gets a boob job.",9.3,7.88,0.84375
4,10.0,50.0,9.0,5.0,57.0,0.0,53.0,7.0,21.0,25.0,160.0,14.0,84.0,9.0,8.0,10.0,11.0,10,13,5,2,16,0,21,5,9,5,50,10,27,7,4,8,6,51.0,Fun Run,"Michael accidentally runs over Meridith in the parking lot, and his guilt causes him to organize a 5-K run for her. Dwight and Angela have a falling-out after he kills her cat, and Jim and Pam's relationship is discovered.",8.8,9.7,0.6875
4,14.0,23.0,15.0,0.0,74.0,0.0,48.0,24.0,16.0,0.0,158.0,8.0,56.0,13.0,85.0,5.0,18.0,7,7,7,0,22,0,16,10,4,0,41,5,18,6,23,2,4,52.0,Dunder Mifflin Infinity,"Michael feels threatened when Ryan returns to the Scranton office to share his ideas about the future of Dunder Mifflin. Jim and Pam's relationship is shared with the entire office, while Angela and Dwight's relationship is on the rocks.",8.3,8.49,0.53125
4,47.0,52.0,1.0,9.0,88.0,0.0,70.0,12.0,17.0,14.0,156.0,12.0,31.0,9.0,7.0,7.0,8.0,17,21,1,2,26,0,20,4,12,4,31,10,13,6,5,5,3,53.0,Launch Party,"The Dunder Mifflin Infinity website is launching and Michael is excited about going to the big launch party in New York while Angela plans a satellite party for the Scranton branch. ...
                    See full summaryÃƒâ€šÃ‚Â Ãƒâ€šÃ‚Â»",8.4,8.91,0.5625
4,25.0,10.0,7.0,10.0,53.0,0.0,52.0,13.0,12.0,1.0,159.0,32.0,56.0,3.0,21.0,7.0,2.0,5,3,4,5,20,0,20,4,5,1,45,11,29,3,4,4,1,54.0,Money,"As Jan renovates the condo, Michael confronts his growing debt every way he can, which includes pressuring his employees for a loan. Pam and Jim spend a night out on Dwight's family beet farm, now a bed and breakfast.",8.7,8.5,0.6562499999999996
4,21.0,2.0,2.0,10.0,11.0,0.0,47.0,0.0,3.0,3.0,92.0,1.0,22.0,7.0,8.0,1.0,2.0,8,2,2,2,6,0,14,0,3,2,25,1,9,4,2,1,1,55.0,Local Ad,"Michael tries to make a local Dunder Mifflin commercial that is better than the one the professional ad agency made for them. Meanwhile, Andy tries to confide in Dwight about his new relationship with Angela.",8.8,8.98,0.6875
4,12.0,1.0,0.0,0.0,44.0,0.0,78.0,0.0,2.0,1.0,90.0,12.0,26.0,2.0,0.0,10.0,10.0,8,1,0,0,15,0,18,0,1,1,22,6,12,1,0,6,5,56.0,Branch Wars,"Michael and Dwight try to play a prank on Karen, who is now manager of the Utica branch, after she tries to steal Stanley from the Scranton office. Meanwhile, Pam, Toby, and Oscar start their own exclusive office book club.",8.5,8.39,0.59375
4,7.0,7.0,12.0,0.0,36.0,0.0,69.0,1.0,2.0,5.0,82.0,7.0,23.0,4.0,0.0,2.0,16.0,1,3,4,0,16,0,22,1,2,3,31,3,11,4,0,1,6,57.0,Survivor Man,"After Michael isn't invited to a camping trip with Ryan, he sets out to prove that he can brave it out in the wilderness by himself. Jim, who is in charge of the office while Michael is gone, tries to change the birthday party policy.",8.2,8.29,0.4999999999999996
4,6.0,1.0,3.0,3.0,5.0,0.0,27.0,15.0,4.0,1.0,89.0,4.0,25.0,3.0,10.0,3.0,4.0,2,1,1,2,4,0,11,7,2,1,21,2,10,1,3,1,4,58.0,The Deposition,"Michael is put in an awkward position when Jan sues Dunder Mifflin for wrongful termination and he is deposed as a witness. Meanwhile, Kelly begins smack-talking Pam after Darryl beats Jim at Ping-Pong.",8.7,8.86,0.6562499999999996
4,14.0,14.0,0.0,0.0,18.0,0.0,42.0,0.0,0.0,0.0,101.0,0.0,35.0,1.0,0.0,1.0,0.0,7,8,0,0,9,0,14,0,0,0,17,0,19,1,0,1,0,59.0,Dinner Party,"Michael invites Jim and Pam and Andy and Angela to a couples-only dinner party, which makes Dwight very jealous. However, the only thing he's missing is a ringside seat to witness Michael and Jan's extremely dysfunctional home life.",9.5,9.22,0.90625
4,14.0,4.0,3.0,0.0,22.0,0.0,26.0,7.0,20.0,0.0,100.0,2.0,42.0,9.0,0.0,1.0,1.0,6,2,2,0,9,0,8,1,10,0,30,2,13,3,0,1,1,60.0,Chair Model,"Kevin and Andy team up to reclaim the stolen Dunder Mifflin parking spaces, which forces them into a showdown with the other four bosses of the office park. Meanwhile, Michael becomes fascinated by a woman modeling chairs in a catalog.",8.0,9.81,0.4375
4,4.0,5.0,2.0,0.0,48.0,0.0,43.0,5.0,4.0,1.0,104.0,8.0,17.0,5.0,70.0,6.0,8.0,4,4,2,0,16,0,14,3,4,1,27,6,9,4,18,4,4,61.0,Night Out,"Michael and Dwight go to New York to party with Ryan, who is having lots of personal and professional problems. The rest of the office employees work late, and wind up getting locked in the business park.",8.6,7.56,0.625
4,23.0,3.0,1.0,13.0,32.0,0.0,31.0,6.0,8.0,1.0,99.0,2.0,30.0,9.0,14.0,23.0,13.0,6,1,1,1,8,0,9,4,4,1,17,2,14,3,3,6,4,62.0,Did I Stutter?,"Michael tries to figure out how to respond to Stanley's insubordination during a meeting, and Dwight buys Andy's vehicle and immediately flips it for more money.",8.3,7.67,0.53125
4,14.0,4.0,4.0,6.0,10.0,0.0,21.0,1.0,9.0,1.0,76.0,5.0,34.0,2.0,0.0,0.0,0.0,9,3,2,3,7,0,12,1,8,1,23,4,11,1,0,0,0,63.0,Job Fair,"Dunder-Mifflin participates in a high school job fair, but few students are interested. Jim, Andy, and Kevin play a round of golf with a prospective client. Back at the office, everyone but Dwight and Angela leave for the day.",7.8,7.22,0.375
4,12.0,17.0,8.0,3.0,49.0,0.0,77.0,4.0,23.0,9.0,167.0,4.0,47.0,23.0,5.0,5.0,51.0,5,8,4,3,15,0,25,3,8,5,38,2,21,11,1,3,19,64.0,"Goodbye, Toby","Michael throws an extravagant going-away party for Toby, and falls in love with the woman who is replacing him. Jim plans to propose to Pam at the party, but gets out-staged. Back at corporate, Ryan is arrested for fraud.",9.3,8.07,0.84375
5,31.0,26.0,5.0,13.0,61.0,0.0,68.0,17.0,14.0,7.0,130.0,24.0,36.0,16.0,20.0,8.0,3.0,15,11,5,9,29,0,29,11,7,6,43,12,12,9,10,6,2,65.0,Weight Loss,"Michael tries to motivate the Scranton branch to lose weight as part of an interoffice competition. Jim is lost after Pam leaves for art school in New York, and Angela continues to see Dwight even though she is now engaged to Andy.",8.8,9.2,0.6875
5,12.0,2.0,2.0,0.0,14.0,0.0,29.0,3.0,13.0,23.0,64.0,7.0,9.0,6.0,12.0,5.0,0.0,5,2,2,0,6,0,7,1,7,6,15,4,1,4,5,4,0,66.0,Business Ethics,A confession at an H.R. business ethics seminar leads to a dispute between Michael and Holly over whether Meredith should be fired. Dwight tries to prove to Jim how long he can go without taking a personal break.,8.3,8.99,0.53125
5,13.0,16.0,2.0,9.0,39.0,0.0,28.0,2.0,12.0,1.0,83.0,4.0,25.0,7.0,0.0,2.0,3.0,4,6,1,1,18,0,6,2,5,1,21,4,4,3,0,2,1,67.0,Baby Shower,"After planning an office baby shower for Jan, Michael is upset when he finds out that she had the baby without him--even though he's already been told that he's not the baby's father.",8.0,8.07,0.4375
5,7.0,8.0,2.0,8.0,33.0,0.0,36.0,0.0,5.0,0.0,94.0,5.0,11.0,24.0,0.0,1.0,0.0,3,4,2,3,12,0,11,0,2,0,21,4,8,9,0,1,0,68.0,Crime Aid,"Michael and Holly have sex for the first time, and Michael holds a fund-raiser for the office after it is burglarized. Dwight confides in Phyllis after Andy and Angela set a wedding date, and Jim runs into Pam's ex-fiancÃƒÆ’Ã‚Â©, Roy.",8.1,7.74,0.46875
5,44.0,8.0,2.0,55.0,38.0,0.0,25.0,7.0,5.0,1.0,101.0,6.0,25.0,5.0,4.0,1.0,0.0,12,3,2,18,9,0,8,2,2,1,24,2,10,3,2,1,0,69.0,Employee Transfer,Holly is transferred back to New Hampshire after corporate discovers that she and Michael are dating. Dwight tries to apply to Cornell to get under Andy's skin. Jim's brothers and Pam decide to play a trick on Jim when they meet for lunch.,8.0,9.32,0.4375
5,29.0,6.0,0.0,1.0,99.0,0.0,111.0,23.0,2.0,1.0,73.0,0.0,34.0,4.0,6.0,4.0,0.0,12,2,0,1,21,0,25,5,1,1,16,0,15,2,1,2,0,70.0,Customer Survey,"Dwight and Jim believe that something is suspicious about their low customer performance ratings. After consulting with Angela, Andy finds the perfect site for their wedding--Dwight's beet farm.",8.5,8.35,0.59375
5,69.0,10.0,1.0,0.0,16.0,0.0,22.0,15.0,2.0,5.0,77.0,38.0,14.0,2.0,13.0,3.0,0.0,11,2,1,0,4,0,7,5,2,3,17,9,2,2,4,2,0,71.0,Business Trip,"David Wallace sends Michael on a business trip to Winnipeg to help him forget about Holly's transfer to Nashua, and Pam tells Jim that she failed a class and has to stay in New York City.",8.2,8.18,0.4999999999999996
5,6.0,2.0,2.0,0.0,38.0,0.0,31.0,10.0,2.0,2.0,90.0,3.0,26.0,3.0,18.0,0.0,29.0,3,2,2,0,10,0,8,4,2,1,15,1,8,1,4,0,5,72.0,Frame Toby,"When Michael discovers that corporate has brought back Toby to replace Holly, he tries to frame him with drugs and to get him fired. Meanwhile, Pam has issues with the disgusting microwave....
                    See full summaryÃƒâ€šÃ‚Â Ãƒâ€šÃ‚Â»",8.6,8.4,0.625
5,18.0,23.0,1.0,0.0,29.0,0.0,31.0,1.0,3.0,1.0,100.0,31.0,58.0,2.0,0.0,4.0,2.0,8,6,1,0,5,0,11,1,2,1,15,8,14,2,0,4,1,73.0,The Surplus,"Michael has to spend the office surplus by they end of the day, but he can't decide between a copier or new chairs. Dwight plays a dirty trick on Angela as they prepare for Andy and Angela's wedding on the beet farm.",8.8,8.33,0.6875
5,8.0,12.0,1.0,6.0,27.0,0.0,26.0,1.0,3.0,36.0,65.0,5.0,6.0,19.0,0.0,4.0,15.0,5,8,1,1,15,0,12,1,2,10,17,2,3,11,0,3,7,74.0,Moroccan Christmas,"Phyllis blackmails Angela into doing the work for the Christmas party, which Michael turns into an intervention after Meredith gets drunk and sets her hair on fire. Meanwhile, Dwight corners the market on a popular Christmas gift.",8.4,8.79,0.5625
5,65.0,22.0,2.0,0.0,66.0,0.0,34.0,2.0,8.0,6.0,52.0,10.0,9.0,3.0,0.0,2.0,0.0,12,7,2,0,17,0,12,2,4,5,14,7,5,2,0,2,0,75.0,The Duel,"Moments before he leaves for New York for a meeting with David Wallace, Michael tells Andy that Angela and Dwight are seeing each other. Andy and Dwight then decide to have it out in the parking lot.",8.7,8.5,0.6562499999999996
5,5.0,3.0,1.0,0.0,73.0,0.0,13.0,2.0,14.0,2.0,90.0,3.0,5.0,4.0,0.0,5.0,0.0,3,3,1,0,12,0,6,2,6,1,14,3,5,3,0,4,0,76.0,Prince Family Paper,"Michael's conscience gets the best of him after he and Dwight go undercover to scout a family-run competitor. Back at the office, everyone else spends the day debating whether Hilary Swank is hot.",8.0,8.74,0.4375
5,23.0,16.0,4.0,6.0,73.0,0.0,35.0,3.0,8.0,3.0,118.0,11.0,32.0,11.0,0.0,28.0,0.0,11,5,2,1,16,0,17,3,6,2,33,6,19,8,0,11,0,77.0,Stress Relief,"Dwight's too-realistic fire alarm gives Stanley a heart attack. When he returns, Michael learns that he is the cause of Stanley's stress. To remedy the situation, he forces the office to throw a roast for him.",9.7,22.91,0.9687499999999996
5,27.0,0.0,5.0,0.0,25.0,0.0,34.0,8.0,0.0,0.0,55.0,1.0,35.0,3.0,0.0,7.0,0.0,9,0,2,0,6,0,7,3,0,0,12,1,10,2,0,4,0,78.0,Lecture Circuit: Part 1,"While on lecture tour to other Dunder Mifflin branches, Michael and Pam discover that Jim's ex-girlfriend Karen is pregnant. At the office, Andy falls for a prospective client, and Jim and Dwight try to set up Kelly's birthday party.",8.2,8.39,0.4999999999999996
5,0.0,19.0,2.0,0.0,33.0,0.0,33.0,18.0,18.0,9.0,50.0,13.0,38.0,1.0,0.0,2.0,0.0,0,6,2,0,7,0,7,3,8,4,12,8,12,1,0,2,0,79.0,Lecture Circuit: Part 2,"Michael and Pam go to Nashua and discover that Holly has a new boyfriend. At the office, Jim and Dwight try to come up with a theme for Kelly's birthday party, and Angela gets a new cat.",8.1,8.89,0.46875
5,0.0,4.0,0.0,0.0,31.0,0.0,35.0,9.0,15.0,3.0,86.0,14.0,32.0,11.0,0.0,2.0,0.0,0,1,0,0,9,0,10,5,7,2,19,4,12,5,0,1,0,80.0,Blood Drive,"Michael holds a lonely hearts party on Valentine's Day at the office, hoping that he will run into a woman he met earlier that day at a blood drive. Meanwhile, Jim and Pam have an awkward lunch with Phillis and Bob Vance.",8.0,8.63,0.4375
5,12.0,0.0,2.0,3.0,71.0,0.0,39.0,0.0,10.0,0.0,113.0,7.0,24.0,0.0,0.0,1.0,0.0,6,0,2,1,12,0,11,0,4,0,20,3,10,0,0,1,0,81.0,Golden Ticket,"Michael asks Dwight to be the scapegoat for one of his business ideas that backfired badly on him. But when that idea has an unexpected positive upside, Dwight still takes credit and Michael becomes furious.",8.7,7.51,0.6562499999999996
5,6.0,8.0,2.0,0.0,21.0,0.0,30.0,7.0,5.0,1.0,104.0,3.0,14.0,3.0,0.0,2.0,0.0,4,6,1,0,7,0,11,5,2,1,21,2,9,2,0,1,0,82.0,New Boss,"Michael gets upset when he gets a new boss to act as a buffer between him and David Wallace, and he gets even more upset when he disbands the Party Planning Committee and cancels Michael's fifteenth anniversary party.",8.3,7.95,0.53125
5,14.0,6.0,1.0,0.0,12.0,0.0,26.0,6.0,13.0,2.0,88.0,12.0,38.0,3.0,0.0,7.0,1.0,5,5,1,0,5,0,6,3,8,2,21,7,14,2,0,4,1,83.0,Two Weeks,"As Michael prepares to leave Dunder Mifflin, he announces that he will form his own paper company. Will anybody join him?",8.4,8.45,0.5625
5,16.0,3.0,1.0,0.0,17.0,0.0,35.0,1.0,10.0,0.0,78.0,1.0,65.0,2.0,11.0,4.0,0.0,8,3,1,0,6,0,10,1,3,0,19,1,15,2,5,3,0,84.0,Dream Team,Michael and Pam begin their first day as the Michael Scott Paper Company putting together the rest of the staff and trying to raise money.,8.3,7.2,0.53125
5,18.0,0.0,2.0,0.0,28.0,16.0,28.0,5.0,2.0,1.0,46.0,5.0,45.0,1.0,25.0,3.0,3.0,5,0,1,0,6,4,11,2,2,1,18,1,12,1,9,1,2,85.0,Michael Scott Paper Company,"Tension and disillusionment begin to emerge as Michael, Pam, and Ryan move the Michael Scott Paper Company into a cramped ""workspace"" at the business park.",8.7,7.94,0.6562499999999996
5,31.0,0.0,0.0,0.0,83.0,0.0,27.0,1.0,1.0,0.0,95.0,0.0,18.0,5.0,9.0,1.0,0.0,11,0,0,0,21,0,10,1,1,0,22,0,11,3,6,1,0,86.0,Heavy Competition,"Dwight chooses loyalty to Dunder Mifflin over loyalty to Michael, which leads to a bitter battle between Michael and Dwight over Dwight's accounts. Back at Dunder Mifflin, Jim pretends to confide in Andy.",8.7,8.24,0.6562499999999996
5,3.0,2.0,0.0,0.0,25.0,1.0,29.0,2.0,1.0,0.0,76.0,0.0,33.0,1.0,24.0,1.0,0.0,1,2,0,0,8,1,8,2,1,0,19,0,14,1,11,1,0,87.0,Broke,"The Michael Scott Paper Company is gaining clients by offering lower prices than Dunder Mifflin, but is going broke in the process. However, Dunder Mifflin is losing clients to Michael, and is desperate to buy him out.",9.2,7.21,0.8124999999999996
5,12.0,5.0,9.0,1.0,49.0,10.0,29.0,2.0,1.0,8.0,95.0,5.0,30.0,13.0,25.0,12.0,13.0,6,3,3,1,11,4,8,2,1,4,18,3,9,6,7,6,5,88.0,Casual Friday,"Michael returns to Dunder Mifflin and brings Ryan and Pam in as salespeople, but the existing salespeople demand that Michael return the clients they stole back to them. Meanwhile, some employees take the idea of Casual Friday too far.",8.3,7.31,0.53125
5,16.0,17.0,3.0,0.0,32.0,23.0,17.0,11.0,15.0,1.0,85.0,6.0,19.0,27.0,2.0,2.0,0.0,6,6,2,0,17,8,7,3,5,1,25,4,9,11,2,2,0,89.0,Cafe Disco,"Michael tries to create a place to escape from work in the storage room that used to house the Michael Scott Paper Company, while Jim and Pam consider taking off and getting married that day.",8.7,7.71,0.6562499999999996
5,12.0,3.0,0.0,0.0,41.0,3.0,24.0,0.0,5.0,2.0,55.0,2.0,25.0,4.0,0.0,2.0,2.0,6,2,0,0,17,3,11,0,4,2,15,2,12,3,0,2,1,90.0,Company Picnic,"Michael runs into Holly at the company picnic, and the two of them accidentally reveal that the Buffalo branch is closing during a comedy skit before corporate has made the announcement.",9.0,6.72,0.75
6,38.0,5.0,6.0,0.0,20.0,7.0,42.0,9.0,14.0,4.0,95.0,10.0,27.0,7.0,1.0,12.0,1.0,6,2,5,0,7,5,9,5,6,3,22,4,10,4,1,3,1,91.0,Gossip,"Michael regrets revealing that Stanley is having an affair, so he spreads a bunch of lies about everyone else to cover his tracks--except that one of the lies that he spread actually turns out to be true.",8.8,8.2,0.6875
6,7.0,3.0,4.0,15.0,32.0,3.0,19.0,3.0,1.0,6.0,71.0,7.0,24.0,2.0,5.0,2.0,26.0,2,1,1,3,6,2,10,2,1,1,19,1,6,2,1,2,6,92.0,The Meeting,"Michael sabotages--then promotes--Jim's efforts at getting a promotion, while Dwight and Toby try to prove that Darryl has submitted a fraudulent medical claim.",8.1,7.33,0.46875
6,3.0,5.0,3.0,0.0,29.0,3.0,91.0,4.0,14.0,9.0,86.0,12.0,17.0,13.0,5.0,3.0,0.0,3,3,3,0,10,3,13,2,5,4,12,4,8,5,2,3,0,93.0,The Promotion,Jim discovers just how hard being the boss can be when David Wallace forces Michael and him to determine which employees will be getting a raise.,8.0,7.28,0.4375
6,33.0,12.0,0.0,0.0,84.0,10.0,56.0,3.0,30.0,6.0,129.0,9.0,70.0,3.0,3.0,7.0,4.0,16,5,0,0,21,7,17,3,13,4,31,5,23,3,2,3,2,94.0,Niagara: Part 1,"The Office travels to Niagara Falls to celebrate Jim and Pam's wedding under strict orders not to mention Pam's pregnancy. Michael, Dwight, and Andy all want to hook up with guests at the wedding and Michael and Dwight meet twins.",9.4,9.42,0.875
6,57.0,0.0,1.0,0.0,50.0,7.0,14.0,0.0,17.0,3.0,122.0,18.0,5.0,1.0,4.0,0.0,3.0,16,0,1,0,15,2,2,0,5,1,22,7,2,1,2,0,2,95.0,Niagara: Part 2,"Pam is forced to deal with an embarrassing injury for Andy the night before her wedding, while Kevin deals with the loss of his dress shoes on the morning of the ceremony.",9.4,9.42,0.875
6,9.0,5.0,1.0,0.0,30.0,12.0,60.0,10.0,6.0,4.0,85.0,6.0,60.0,2.0,8.0,1.0,15.0,3,2,1,0,10,6,16,2,3,2,13,2,13,1,3,1,4,96.0,Mafia,Michael meets with an insurance salesman that visits the office and is later convinced by Dwight and Andy that he is part of the mafia.,7.6,8.1,0.3125
6,37.0,10.0,3.0,7.0,14.0,17.0,49.0,2.0,10.0,8.0,85.0,11.0,39.0,9.0,1.0,3.0,0.0,8,7,3,2,8,7,16,2,5,6,23,7,9,7,1,2,0,97.0,The Lover,"Jim and Pam return from their honeymoon and learn, to their horror, that Michael is dating Pam's mom. Meanwhile, Dwight gives Jim a ""gift""--which actually has a listening device attached to it.",8.6,8.52,0.625
6,28.0,2.0,2.0,0.0,50.0,3.0,26.0,5.0,6.0,1.0,114.0,3.0,70.0,2.0,8.0,1.0,7.0,9,2,2,0,14,2,9,3,4,1,26,2,19,2,2,1,1,98.0,Koi Pond,"Michael is upset when he becomes the butt of all the office jokes after he falls in a koi pond. Andy and Pam go out together on some cold calls, and everybody mistakes them as a married couple.",8.2,8.2,0.4999999999999996
6,24.0,6.0,2.0,0.0,30.0,15.0,47.0,1.0,11.0,4.0,67.0,8.0,12.0,5.0,1.0,6.0,0.0,10,3,1,0,13,7,22,1,7,4,28,4,8,5,1,3,0,99.0,Double Date,"Michael sparks more anger from Pam when he breaks up with her mom on her birthday after he finds out she's 58, and Dwight unsuccessfully tries to get everyone in the office to owe him a favor.",8.1,7.94,0.46875
6,14.0,0.0,1.0,0.0,26.0,3.0,37.0,0.0,4.0,1.0,71.0,18.0,12.0,7.0,18.0,4.0,0.0,9,0,1,0,17,2,11,0,3,1,21,7,7,2,5,2,0,100.0,Murder,"The entire office is preoccupied about rumors of Dunder Mifflin's bankruptcy. Michael tries to create a distraction by engaging everyone in murder-mystery game, but Jim wonders if that is a good idea.",8.7,7.76,0.6562499999999996
6,22.0,3.0,1.0,0.0,36.0,21.0,38.0,1.0,6.0,0.0,68.0,2.0,14.0,4.0,4.0,2.0,0.0,8,2,1,0,15,6,10,1,3,0,14,2,5,3,1,2,0,101.0,Shareholder Meeting,"Michael speaks out of line at the Dunder Mifflin shareholders meeting and creates a big problem for management, while Jim discovers that nobody in the office thinks he's the ""real"" boss.",8.2,7.43,0.4999999999999996
6,16.0,6.0,2.0,0.0,37.0,11.0,39.0,3.0,13.0,3.0,95.0,13.0,16.0,27.0,8.0,5.0,6.0,8,3,1,0,15,5,11,3,5,3,17,6,9,10,3,4,2,102.0,Scott's Tots,"Ten years ago, Michael promised a group of third graders he would pay for their college tuition if they graduated. Now comes time to pay, and he can't do it. At the office, Dwight's employee of the month idea gets Jim in big trouble.",8.3,8.1,0.53125
6,1.0,2.0,0.0,0.0,17.0,0.0,0.0,0.0,2.0,0.0,44.0,0.0,5.0,0.0,1.0,0.0,18.0,1,1,0,0,4,0,0,0,1,0,11,0,4,0,1,0,6,103.0,Secret Santa,"Michael gets upset when Jim promises Phyllis that she can be the office Santa, but the office Christmas party may be overshadowed by some bad news from David Wallace.",8.5,8.51,0.59375
6,10.0,2.0,1.0,0.0,9.0,6.0,26.0,0.0,1.0,2.0,82.0,5.0,25.0,1.0,0.0,1.0,2.0,5,2,1,0,4,5,7,0,1,1,27,4,8,1,0,1,1,104.0,The Banker,A banker representing a potential buyer comes to the Scranton branch to interview the H.R. department before the sale goes through.,6.8,7.29,0.0625
6,24.0,1.0,0.0,0.0,39.0,23.0,33.0,11.0,5.0,4.0,68.0,6.0,5.0,4.0,19.0,0.0,0.0,8,1,0,0,14,7,11,5,4,3,16,2,4,2,5,0,0,105.0,Sabre,"Michael hates the changes that Dunder Mifflin's new owner is implementing, so he turns to David Wallace for advice. Jim and Pam find the perfect day care center, but Jim's mistake threatens to ruin the interview.",7.7,7.36,0.34375
6,25.0,19.0,1.0,0.0,47.0,35.0,134.0,3.0,29.0,6.0,117.0,3.0,126.0,6.0,2.0,3.0,1.0,14,6,1,0,15,11,32,3,9,6,28,3,31,4,2,3,1,106.0,Manager and Salesman,"Sabre's CEO wants the Scranton branch to have one manager, and Michael voluntarily steps down and lets Jim become the boss when he finds out that salespeople make more money. However, he soon comes to regret the decision.",8.1,7.4,0.46875
6,24.0,3.0,0.0,0.0,29.0,20.0,40.0,3.0,3.0,4.0,52.0,4.0,1.0,1.0,3.0,1.0,0.0,9,2,0,0,9,8,9,1,3,2,15,3,1,1,1,1,0,107.0,The Delivery: Part 1,"Pam goes into labor and Jim is ready to take her to the hospital, but she refuses to go. Meanwhile, inspired by Pam and Jim's baby, Dwight and Angela try to reach a ""business agreement"" to have a baby of their own.",8.4,9.0,0.5625
6,15.0,6.0,0.0,9.0,43.0,7.0,51.0,8.0,8.0,3.0,85.0,1.0,3.0,18.0,3.0,11.0,2.0,8,4,0,3,12,4,12,2,3,2,19,1,2,10,1,9,2,108.0,The Delivery: Part 2,"After the baby is born, Pam has trouble getting the baby to breastfeed. At the office, Michael takes credit for hooking Jim and Pam up, and tries to do the same thing for Kevin and Erin, making Andy jealous.",8.5,9.0,0.59375
6,35.0,17.0,1.0,10.0,34.0,16.0,33.0,4.0,7.0,1.0,74.0,20.0,31.0,6.0,5.0,1.0,0.0,11,4,1,4,7,6,15,2,4,1,18,8,11,5,1,1,0,109.0,St. Patrick's Day,"It's St. Patrick's Day, and the CEO forces the office to work late because she won't leave. In addition, Michael unsuccessfully tries to suck up to his new boss, and Andy and Erin's first date is delayed because Erin is sick.",7.7,7.51,0.34375
6,25.0,5.0,0.0,3.0,17.0,52.0,8.0,5.0,20.0,9.0,46.0,6.0,28.0,3.0,5.0,0.0,3.0,11,2,0,1,8,14,6,4,9,4,11,4,9,2,2,0,2,110.0,New Leads,"When the sales staff begins trying to boss around everyone in the office, Michael tries to teach them a lesson by withholding a valuable set of sales leads.",7.7,7.63,0.34375
6,3.0,3.0,1.0,4.0,45.0,9.0,37.0,28.0,8.0,0.0,86.0,9.0,27.0,4.0,4.0,2.0,0.0,2,2,1,2,15,5,15,6,5,0,27,7,11,3,1,1,0,111.0,Happy Hour,"Oscar gets everybody in the office to go to Happy Hour so that he can hit on a coworker in shipping. Pam tries to set up Michael with a friend at the bar, but Michael's alter ego, ""Date Mike,"" threatens to spoil the entire evening.",8.6,7.17,0.625
6,30.0,0.0,2.0,26.0,38.0,3.0,14.0,7.0,0.0,1.0,92.0,1.0,42.0,0.0,4.0,3.0,0.0,9,0,2,11,12,1,8,2,0,1,14,1,10,0,3,2,0,112.0,Secretary's Day,"Michael creates problems for Andy on Secretary's Day when he tells Erin that Andy was engaged to Angela, and Kevin is upset after Oscar makes a video comparing Kevin to Cookie Monster.",7.8,6.3,0.375
6,41.0,17.0,4.0,4.0,36.0,11.0,21.0,5.0,6.0,3.0,82.0,3.0,30.0,8.0,11.0,2.0,5.0,10,8,3,1,13,5,8,2,3,2,20,2,9,5,6,2,3,113.0,Body Language,"Michael is hopeful that a potential client is interested in him, but everyone in the office except Pam thinks he's wasting his time. Meanwhile, Dwight recruits Kelly to apply for the Sabre minority management training program.",8.0,7.01,0.4375
6,17.0,4.0,2.0,6.0,19.0,4.0,13.0,5.0,7.0,0.0,67.0,2.0,17.0,5.0,2.0,2.0,7.0,8,4,2,3,9,2,4,3,4,0,24,2,6,5,1,2,3,114.0,The Cover-Up,"Michael becomes convinced that Donna is having an affair and puts Dwight on the case, but Pam soon discovers that the suspicions may be true. Meanwhile, Darryl gets revenge on Andy for an earlier incident.",8.1,6.84,0.46875
7,16.0,3.0,4.0,5.0,21.0,7.0,22.0,5.0,5.0,3.0,58.0,8.0,25.0,7.0,3.0,5.0,3.0,10,3,4,4,8,4,10,4,4,3,15,5,8,4,1,3,3,,,,,,
7,13.0,4.0,1.0,4.0,48.0,4.0,34.0,6.0,0.0,0.0,31.0,7.0,39.0,3.0,3.0,3.0,35.0,8,2,1,2,11,4,10,4,0,0,10,2,15,3,2,3,14,,,,,,
7,49.0,16.0,2.0,11.0,17.0,19.0,19.0,2.0,0.0,1.0,43.0,1.0,17.0,4.0,0.0,2.0,0.0,18,8,2,3,8,7,8,2,0,1,13,1,6,2,0,2,0,117.0,Nepotism,"Everybody demands that Michael fire the new office assistant, but he won't because he's his nephew. Meanwhile, Pam tries to play a prank on Dwight, who has bought the office building, to make up for ruining Jim's prank.",8.4,8.4,0.5625
7,40.0,2.0,2.0,8.0,41.0,4.0,4.0,5.0,10.0,7.0,88.0,7.0,8.0,5.0,1.0,4.0,0.0,10,2,1,4,14,3,3,3,2,3,17,4,6,4,1,1,0,118.0,Counseling,"Michael is forced to go through counseling with Toby, Dwight seeks revenge on a local mall that refused his business, and Pam tries to fake her way to a promotion.",8.2,7.36,0.4999999999999996
7,38.0,2.0,2.0,23.0,56.0,2.0,59.0,3.0,12.0,15.0,85.0,16.0,10.0,8.0,3.0,5.0,0.0,8,2,1,4,21,2,21,2,5,7,17,6,5,4,2,3,0,119.0,Andy's Play,"Andy invites the entire office to watch him in the community theater production of ""Sweeney Todd,"" but Erin decides to babysit for Jim and Pam instead, and Michael is upset because he auditioned for the lead and didn't get it.",8.2,6.95,0.4999999999999996
7,16.0,5.0,3.0,26.0,14.0,7.0,27.0,5.0,19.0,1.0,59.0,8.0,24.0,5.0,6.0,7.0,4.0,9,4,3,6,8,6,13,4,8,1,16,7,12,4,5,4,2,120.0,Sex Ed,"A herpes scare causes Michael to get back in touch with his ex-girlfriends, where he decides to reevaluate those relationships. Meanwhile, Andy tries to teach safe sex to his officemates, but he has a clear ulterior motive.",7.8,7.36,0.375
7,25.0,8.0,0.0,2.0,16.0,9.0,38.0,2.0,4.0,0.0,74.0,2.0,33.0,5.0,6.0,3.0,3.0,9,3,0,2,7,4,13,2,2,0,26,2,8,4,5,3,3,121.0,The Sting,"Michael organizes a sting operation to find out the secrets of a rival paper company's salesman who is stealing Dunder Mifflin's clients, and Andy gets Darryl's help to form a band.",7.8,6.87,0.375
7,27.0,9.0,4.0,0.0,26.0,42.0,18.0,13.0,9.0,0.0,56.0,7.0,23.0,12.0,3.0,1.0,0.0,9,4,2,0,6,12,6,8,5,0,19,2,8,4,2,1,0,122.0,Costume Contest,"It's Halloween at Dunder Mifflin, and Michael is upset that Darryl went over his head with an idea, and Jim and Pam are obsessed with finding out why Danny didn't call Pam back when they were dating four years ago.",8.2,8.07,0.4999999999999996
7,10.0,20.0,3.0,0.0,24.0,7.0,24.0,5.0,9.0,0.0,66.0,5.0,28.0,1.0,54.0,7.0,0.0,6,7,1,0,9,3,10,2,6,0,14,1,9,1,12,5,0,123.0,Christening,"During Jim and Pam's daughter's christening, Michael becomes upset over the lack of family-like unity between himself and his employees. So he responds by impulsively joining a teenage church mission to Mexico.",7.4,7.65,0.25
7,23.0,3.0,2.0,13.0,48.0,10.0,27.0,8.0,8.0,2.0,56.0,25.0,45.0,3.0,7.0,6.0,0.0,10,3,1,6,14,6,9,2,3,2,14,6,12,3,3,4,0,124.0,Viewing Party,"Michael sabotages Erin's ""Glee"" viewing party because of his contempt for Gabe, Jim and Pam discover that Dwight can keep their daughter from crying, and Andy has a bad reaction to a mixture of wine and a Japanese stimulant.",7.8,7.15,0.375
7,28.0,26.0,4.0,23.0,38.0,18.0,50.0,14.0,15.0,10.0,130.0,12.0,69.0,13.0,11.0,5.0,25.0,11,10,3,11,14,10,20,7,10,7,24,7,24,7,4,4,7,125.0,WUPHF.com,"Some co-workers who invested in Ryan's Internet venture want him to sell, but Michael refuses to go along. Meanwhile, Jim loses his motivation to work when he reaches his commission cap, ...
                    See full summaryÃƒâ€šÃ‚Â Ãƒâ€šÃ‚Â»",7.7,7.28,0.34375
7,21.0,7.0,13.0,21.0,34.0,21.0,8.0,10.0,19.0,1.0,75.0,3.0,31.0,9.0,6.0,0.0,0.0,6,3,4,7,10,8,2,5,5,1,14,2,9,4,3,0,0,126.0,China,"Pam stands up to Dwight when he makes cutbacks to save money in the building, but will Dwight have the last laugh? Meanwhile, the office is surprised and energized when Michael outsmarts Oscar in a debate about China.",8.2,7.31,0.4999999999999996
7,51.0,0.0,2.0,3.0,19.0,25.0,24.0,12.0,9.0,0.0,37.0,14.0,18.0,3.0,8.0,2.0,0.0,19,0,2,1,7,10,6,5,5,0,11,3,7,3,1,2,0,127.0,Classy Christmas,"Michael throws an elaborate Christmas party to celebrate Holly's temporary return to the Scranton branch, but is disappointed when he learns that she still has a boyfriend.",9.0,7.18,0.75
7,14.0,1.0,0.0,8.0,26.0,14.0,32.0,9.0,7.0,3.0,42.0,12.0,36.0,10.0,6.0,3.0,0.0,6,1,0,5,6,8,4,1,5,3,8,5,10,5,1,1,0,128.0,Ultimatum,"Michael gets upset when Holly returns from the holidays without an engagement ring, but still together with her boyfriend. Meanwhile, Pam tries to help her co-workers keep with their New Year's resolutions.",8.3,8.26,0.53125
7,37.0,9.0,1.0,16.0,24.0,38.0,23.0,1.0,13.0,1.0,73.0,17.0,24.0,3.0,6.0,1.0,0.0,9,2,1,6,4,9,8,1,7,1,18,6,8,3,3,1,0,129.0,The Seminar,"Andy tries to host a small business seminar at the office. Michael agrees to help by posing as a Greek entrepreneur, and tries to get Holly to play along.",7.6,7.93,0.3125
7,2.0,0.0,1.0,0.0,3.0,1.0,6.0,1.0,2.0,0.0,33.0,0.0,4.0,0.0,1.0,0.0,0.0,2,0,1,0,3,1,4,1,1,0,19,0,2,0,1,0,0,130.0,The Search,"When Jim gets an emergency phone call from Helene, he is forced to leave Michael in the bathroom of a gas station. Meanwhile, Holly, Erin, and Dwight set out on a journey to find Michael. ...
                    See full summaryÃƒâ€šÃ‚Â Ãƒâ€šÃ‚Â»",8.5,7.29,0.59375
7,29.0,1.0,0.0,0.0,41.0,10.0,38.0,3.0,13.0,3.0,57.0,1.0,36.0,1.0,4.0,1.0,0.0,6,1,0,0,11,4,10,2,5,2,10,1,10,1,3,1,0,131.0,PDA,"It's Valentine's Day, and the office is fed up with Michael and Holly's PDA, Andy helps Erin solve Gabe's riddles to find her gift, and Jim and Pam get drunk and try to find a place in the office to have sex.",8.4,6.9,0.5625
7,17.0,1.0,0.0,10.0,31.0,0.0,24.0,3.0,18.0,3.0,72.0,7.0,32.0,3.0,9.0,1.0,0.0,4,1,0,3,11,0,7,1,6,2,15,5,8,1,7,1,0,132.0,Threat Level Midnight,"Michael finally finishes his movie ""Threat Level Midnight"" and screens it for his employees at Dunder Mifflin, but Holly is less than enthusiastic for his finished product.",9.4,6.41,0.875
7,12.0,4.0,0.0,8.0,10.0,10.0,10.0,5.0,4.0,1.0,68.0,5.0,8.0,2.0,2.0,3.0,0.0,8,3,0,7,4,4,6,2,4,1,15,3,4,2,2,3,0,133.0,Todd Packer,"Everyone is up in arms after Michael convinces Holly to give Todd Packer an office job, and Andy gets upset after Pam gets a new computer for reception but not for him.",7.5,6.12,0.28125
7,4.0,2.0,1.0,3.0,13.0,12.0,24.0,0.0,6.0,6.0,82.0,6.0,15.0,3.0,6.0,3.0,2.0,2,1,1,3,6,5,9,0,5,4,21,4,7,3,4,3,2,134.0,Garage Sale,"Michael plans to propose to Holly the day of the Dunder Mifflin garage sale, but Holly may have to take an extended leave of absence to Colorado because her father is sick.",9.3,7.07,0.84375
7,24.0,12.0,2.0,3.0,16.0,12.0,18.0,3.0,11.0,6.0,116.0,6.0,20.0,18.0,3.0,7.0,5.0,8,4,2,1,7,2,4,2,3,3,31,3,8,9,1,2,2,135.0,Training Day,"Michael makes fast friends with the man coming in to replace him at Dunder Mifflin, but later begins to have second thoughts after seeing him in action.",7.8,7.87,0.375
7,9.0,4.0,0.0,8.0,20.0,3.0,40.0,15.0,13.0,0.0,0.0,2.0,24.0,4.0,15.0,0.0,1.0,6,3,0,7,8,2,16,5,9,0,0,2,9,2,6,0,1,136.0,Michael's Last Dundies,"Michael hosts his final ""Dundies"" as the boss at the Scranton branch, but tension is in the air, and Deangelo Vickers, the new boss, is having trouble with his co-hosting duties.",9.0,6.85,0.75
7,26.0,11.0,2.0,5.0,73.0,13.0,28.0,6.0,20.0,1.0,0.0,4.0,11.0,5.0,2.0,2.0,6.0,6,5,1,3,17,8,13,3,7,1,0,2,8,5,1,2,3,137.0,"Goodbye, Michael","As the office gets ready for Michael's final day at Dunder Mifflin, Michael doesn't tell anyone that he's leaving a day early. Meanwhile, Deangelo accompanies a nervous Andy on a visit to one of Michael's old clients.",9.8,8.42,1.0
7,26.0,11.0,17.0,27.0,44.0,23.0,90.0,17.0,14.0,6.0,0.0,22.0,32.0,20.0,11.0,4.0,13.0,12,5,9,9,12,10,24,7,9,4,0,7,15,10,6,3,8,138.0,The Inner Circle,"Tensions rise and feelings are hurt when Deangelo creates an ""inner circle"" at the office--which is only composed of men.",7.6,6.9,0.3125
8,52.0,7.0,1.0,5.0,38.0,9.0,38.0,6.0,10.0,6.0,0.0,7.0,25.0,11.0,5.0,8.0,4.0,21,5,1,5,18,6,18,4,7,4,0,6,17,7,5,7,4,,,,,,
8,86.0,14.0,0.0,7.0,21.0,18.0,42.0,5.0,24.0,5.0,0.0,7.0,34.0,8.0,5.0,5.0,1.0,26,3,0,3,8,7,12,3,11,4,0,4,12,7,4,5,1,,,,,,
8,63.0,3.0,1.0,49.0,37.0,12.0,52.0,6.0,21.0,4.0,0.0,18.0,23.0,7.0,6.0,0.0,2.0,15,1,1,12,14,8,14,3,10,2,0,5,6,5,3,0,2,141.0,The List,"New Dunder Mifflin CEO Robert California leaves a piece of paper with a line down the middle that has names of the Scranton staff on either side of it, leading everyone to try and figure out what it means.",8.1,7.64,0.46875
8,66.0,13.0,0.0,10.0,29.0,5.0,23.0,3.0,6.0,6.0,0.0,10.0,15.0,3.0,8.0,1.0,6.0,23,4,0,5,16,4,14,2,5,5,0,7,7,2,7,1,1,142.0,The Incentive,"Under pressure from Robert to increase branch sales, Andy offers an incentive program to the sales staff, which backfires on him when he offers a very personal grand prize.",8.1,6.7,0.46875
8,34.0,5.0,4.0,9.0,21.0,36.0,29.0,12.0,9.0,9.0,0.0,10.0,27.0,7.0,3.0,4.0,7.0,15,3,3,5,6,14,11,3,6,5,0,6,8,4,2,3,3,143.0,Lotto,"After the entire warehouse staff wins the lottery and quits their job, Darryl becomes depressed and demands to be fired. Meanwhile, the office staff is forced to load the truck for their orders themselves.",7.3,5.82,0.21875
8,54.0,7.0,0.0,16.0,51.0,8.0,44.0,5.0,10.0,0.0,0.0,11.0,21.0,2.0,3.0,9.0,8.0,19,4,0,7,16,7,13,3,7,0,0,5,8,2,3,9,1,144.0,Garden Party,"Andy claims to be throwing a garden party at Dwight's farm to impress Robert California, but he's really doing it to win the approval of his parents, who appear to favor his younger brother.",8.1,6.08,0.46875
8,43.0,0.0,2.0,23.0,55.0,13.0,40.0,6.0,15.0,0.0,0.0,4.0,65.0,2.0,6.0,0.0,4.0,10,0,1,9,15,2,11,3,7,0,0,1,19,1,3,0,1,145.0,Spooked,"Erin is worried that she is about to get fired after she organizes a disastrous office Halloween party for Robert and his son. Meanwhile, Robert probes the minds of the employees to come up with the perfect spooky story.",7.5,5.53,0.28125
8,58.0,1.0,0.0,13.0,30.0,17.0,25.0,5.0,18.0,1.0,0.0,20.0,18.0,11.0,11.0,4.0,0.0,19,1,0,7,11,8,12,4,9,1,0,7,9,8,6,2,0,146.0,Doomsday,"Dwight installs a ""Doomsday Device"" on the office computers that could get everyone fired if they make too many mistakes, while Gabe tries to hit on one of Darryl's warehouse employees.",7.7,6.15,0.34375
8,59.0,2.0,2.0,24.0,52.0,8.0,29.0,1.0,2.0,1.0,0.0,12.0,0.0,3.0,3.0,1.0,3.0,16,2,2,7,17,6,11,1,2,1,0,5,0,2,3,1,1,147.0,Pam's Replacement,"A pregnant and insecure Pam tries to prove that Jim is attracted to her temp replacement, and Robert and his musician friends take over a jam session with Andy, Kevin, and Darryl.",7.7,5.96,0.34375
8,88.0,2.0,2.0,10.0,28.0,38.0,44.0,10.0,10.0,18.0,0.0,9.0,0.0,7.0,10.0,5.0,6.0,24,1,2,3,10,12,15,5,5,5,0,5,0,3,4,3,4,148.0,Gettysburg,Andy decides to motivate and inspire everyone by taking them on a field trip to Gettysburg. Some people in the office stay behind and Robert California asks them to come up with Dunder Mifflin/Sabre's next big idea.,6.9,5.5,0.0937500000000004
8,44.0,2.0,1.0,10.0,34.0,6.0,19.0,7.0,19.0,7.0,0.0,19.0,0.0,3.0,6.0,5.0,0.0,15,2,1,5,9,4,8,4,13,5,0,8,0,3,2,4,0,149.0,Mrs. California,"Robert brings his wife to the office so that she can find a job, but he gives Andy conflicting messages about whether to hire her. Meanwhile, Dwight opens a gym in the building and tries to persuade Darryl to join.",7.7,5.71,0.34375
8,44.0,5.0,0.0,10.0,47.0,58.0,22.0,6.0,11.0,9.0,0.0,12.0,0.0,3.0,10.0,7.0,8.0,13,5,0,6,15,20,11,3,6,5,0,6,0,2,8,4,6,150.0,Christmas Wishes,"Andy tries to make this year's Christmas the best ever by granting each person's holiday wishes. Meanwhile, Robert California tries to drown his sorrows at the office party.",7.9,5.79,0.40625
8,47.0,31.0,5.0,13.0,58.0,14.0,73.0,2.0,12.0,2.0,0.0,24.0,28.0,12.0,2.0,7.0,5.0,15,6,3,6,15,7,19,1,4,2,0,6,5,8,2,4,2,151.0,Trivia,"Andy hopes to make up for a sales deficiency by entering and winning a bar trivia competition, while Dwight flies to corporate headquarters in Florida to demand a management interview with Robert.",7.9,5.9,0.40625
8,45.0,8.0,1.0,23.0,67.0,15.0,30.0,8.0,5.0,2.0,0.0,4.0,29.0,2.0,12.0,7.0,2.0,14,2,1,6,23,7,11,5,3,2,0,3,7,2,6,6,1,152.0,Pool Party,"Robert throws a party for the Dunder Mifflin staff at his house before he sells it because of his divorce. At the party, Erin and Dwight agree to flirt with each other to make Andy jealous, and Jim tries in vain to duck out early.",8.0,6.02,0.4375
8,22.0,0.0,2.0,4.0,63.0,21.0,32.0,3.0,2.0,2.0,0.0,1.0,10.0,0.0,9.0,13.0,0.0,5,0,2,3,24,14,15,1,2,1,0,1,3,0,6,8,0,153.0,Jury Duty,"Jim gets caught in a lie about his week of ""jury duty,"" and new questions emerge when Angela gives birth to a ""premature"" baby.",7.4,5.31,0.25
8,20.0,11.0,0.0,14.0,60.0,19.0,55.0,8.0,4.0,0.0,0.0,10.0,15.0,4.0,20.0,6.0,0.0,7,8,0,5,15,4,13,5,3,0,0,9,10,4,4,2,0,154.0,Special Project,"Andy puts Dwight in charge of a special project in Tallahassee, but Dwight doesn't like the team Andy's assembled for him. Meanwhile, Darryl tries to figure out the meaning of Val's Valentine's gift.",7.7,5.19,0.34375
8,28.0,9.0,1.0,4.0,53.0,10.0,28.0,9.0,8.0,3.0,0.0,6.0,10.0,2.0,17.0,1.0,18.0,6,4,1,3,17,6,7,3,3,2,0,5,4,2,5,1,4,155.0,Tallahassee,"Dwight refuses to let appendicitis get in the way of leading his new team in Tallahassee, while Andy decides to step in for Erin as secretary in the office.",7.8,4.38,0.375
8,20.0,3.0,2.0,26.0,45.0,15.0,45.0,3.0,19.0,1.0,0.0,4.0,10.0,6.0,2.0,2.0,16.0,8,2,2,10,10,5,12,2,7,1,0,4,5,5,1,2,6,156.0,After Hours,"In Tallahassee, Dwight and Todd Packer try to romance Nellie to get the VP position, while Jim wonders if a colleague is trying to hit on him. Back in Scranton, Val's boyfriend shows up with a message for Darryl.",8.1,5.02,0.46875
8,33.0,1.0,1.0,7.0,21.0,32.0,38.0,1.0,8.0,2.0,0.0,1.0,17.0,4.0,1.0,1.0,3.0,10,1,1,3,7,9,13,1,6,2,0,1,11,3,1,1,1,157.0,Test the Store,"Dwight and his team get ready for the grand opening of the Sabre Store, while Andy makes Toby teach self-defense to the Scranton branch employees after he is beat up in the parking lot by a girl.",7.8,4.95,0.375
8,48.0,8.0,3.0,1.0,22.0,25.0,39.0,0.0,3.0,0.0,0.0,11.0,32.0,9.0,3.0,1.0,0.0,9,5,3,1,6,9,10,0,3,0,0,6,11,4,1,1,0,158.0,Last Day in Florida,"Jim tries to warn Dwight that he's going to be fired after Robert rejects the Sabre Store idea, but he refuses to listen. Meanwhile, Darryl and Toby try to sell cookies to Kevin, and Erin tells Andy she's not coming back from Florida.",7.8,4.89,0.375
8,53.0,7.0,2.0,5.0,16.0,24.0,19.0,13.0,9.0,1.0,0.0,7.0,29.0,10.0,30.0,1.0,1.0,16,4,2,4,9,10,12,6,6,1,0,4,13,8,7,1,1,159.0,Get the Girl,"Andy goes to Tallahassee to tell Erin that he loves her and needs her to return to Scranton. Meanwhile, Nellie shows up in Scranton and tries to claim Andy's manager position by offering everyone raises.",6.6,4.87,0.0
8,41.0,4.0,1.0,14.0,15.0,7.0,24.0,0.0,18.0,2.0,0.0,16.0,22.0,1.0,17.0,1.0,0.0,10,4,1,6,6,5,7,0,8,2,0,10,9,1,2,1,0,160.0,Welcome Party,"Andy tries to break up with his girlfriend after going to Florida to declare his love for Erin, and the office employees are forced against their will to throw a party for the hated Nellie.",7.1,4.39,0.15625
8,28.0,3.0,1.0,0.0,56.0,8.0,48.0,0.0,1.0,0.0,0.0,1.0,23.0,1.0,0.0,1.0,7.0,10,3,1,0,16,3,12,0,1,0,0,1,4,1,0,1,4,161.0,Angry Andy,"Andy and Erin return to Dunder Mifflin, only to discover that Nellie has taken his job and office and refuses to give them up. Meanwhile, Ryan becomes jealous after Pam tries to play matchmaker for Kelly.",7.0,4.35,0.125
8,49.0,20.0,1.0,15.0,27.0,9.0,31.0,4.0,3.0,2.0,0.0,11.0,22.0,5.0,0.0,1.0,5.0,16,10,1,4,12,3,10,2,3,2,0,3,5,4,0,1,1,162.0,Fundraiser,Andy confronts Robert for the first time after losing the manager position and quitting his job at a fund raiser sponsored by Angela's husband.,7.0,4.17,0.125
9,33.0,16.0,1.0,3.0,42.0,4.0,21.0,2.0,7.0,2.0,0.0,9.0,19.0,1.0,1.0,3.0,11.0,9,6,1,3,13,4,9,2,6,2,0,6,5,1,1,3,7,,,,,,
9,33.0,7.0,4.0,11.0,31.0,31.0,39.0,0.0,10.0,1.0,0.0,5.0,34.0,1.0,0.0,1.0,5.0,9,4,4,7,9,11,13,0,4,1,0,2,14,1,0,1,2,,,,,,
9,44.0,2.0,0.0,31.0,24.0,21.0,19.0,0.0,3.0,1.0,0.0,7.0,34.0,3.0,0.0,2.0,0.0,15,2,0,9,9,9,6,0,2,1,0,3,14,3,0,2,0,165.0,New Guys,"Dwight and Jim are intimidated by the office's newest additions, who are considered younger versions of themselves. Meanwhile, Andy tries to make Nellie's life miserable, and Angela tries to get rid of one of her cats.",7.6,4.28,0.3125
9,40.0,5.0,3.0,11.0,40.0,11.0,60.0,0.0,16.0,7.0,0.0,13.0,29.0,5.0,0.0,10.0,2.0,13,4,3,3,16,5,18,0,5,6,0,7,12,4,0,5,1,166.0,Roy's Wedding,"After Roy's wedding, Jim and Pam wonder if they still have any secrets they're hiding from each other. Meanwhile, Clark tricks Erin into a ""news audition,"" and Dwight challenges Nellie's new charity initiative.",7.1,4.13,0.15625
9,50.0,6.0,3.0,6.0,39.0,24.0,35.0,0.0,2.0,5.0,0.0,3.0,32.0,0.0,0.0,2.0,5.0,13,3,3,3,15,9,8,0,2,2,0,1,8,0,0,2,1,167.0,Andy's Ancestry,"Nellie plays a trick on Andy after researching his ancestry, Dwight teaches Erin a new language, and Pam tries to teach Nellie how to drive.",7.4,4.14,0.25
9,54.0,12.0,1.0,4.0,34.0,40.0,9.0,0.0,25.0,3.0,0.0,27.0,11.0,0.0,0.0,0.0,9.0,13,4,1,1,13,12,6,0,12,1,0,13,5,0,0,0,3,168.0,Work Bus,"When Jim convinces Dwight that the building is unsafe, Dwight rents a bus and sets up the office inside. Nellie asks for Andy's help in adopting a baby. Meanwhile, Jim tries to make Pam happy with some pie.",7.8,4.28,0.375
9,9.0,21.0,1.0,3.0,53.0,18.0,22.0,0.0,3.0,4.0,0.0,21.0,45.0,14.0,0.0,0.0,5.0,3,5,1,3,10,7,6,0,2,3,0,6,13,4,0,0,5,169.0,Here Comes Treble,"On Halloween, the Cornell a Capella group pays a visit to Andy, Dwight discovers that Nellie takes anxiety pills, and Pam disapproves of Jim's business decision.",7.0,4.0,0.125
9,0.0,52.0,3.0,6.0,57.0,6.0,29.0,0.0,16.0,8.0,0.0,22.0,17.0,12.0,0.0,14.0,8.0,0,12,2,4,12,4,8,0,7,5,0,9,7,5,0,4,1,170.0,The Boat,"Andy has one last chance to captain the family boat before he sells it, Jim, Pam, and Nellie prank Dwight with a radio interview, and Kevin finds out about Oscar's affair with Angela's husband.",7.7,4.83,0.34375
9,0.0,11.0,2.0,17.0,59.0,24.0,58.0,0.0,13.0,5.0,0.0,7.0,32.0,10.0,0.0,5.0,11.0,0,7,2,8,17,7,17,0,5,3,0,6,13,7,0,5,4,171.0,The Whale,"The office trains Dwight to sell to a female client without being offensive, only to discover that the client is Jan Levinson. Angela and Oscar both think the senator is cheating on them, ...
                    See full summaryÃƒâ€šÃ‚Â Ãƒâ€šÃ‚Â»",7.6,4.16,0.3125
9,0.0,16.0,4.0,15.0,18.0,26.0,28.0,0.0,14.0,22.0,0.0,10.0,44.0,8.0,0.0,4.0,0.0,0,9,3,8,9,9,11,0,9,12,0,7,20,4,0,2,0,172.0,The Target,"Angela orders a hit on Oscar for cheating with her husband, the office makes a tower with their customer complaint cards, Jim wines and dines Stanley and Phyllis in exchange for a favor, and Pam begins her mural.",7.8,3.88,0.375
9,0.0,13.0,3.0,19.0,41.0,11.0,18.0,0.0,19.0,6.0,0.0,19.0,23.0,6.0,0.0,4.0,0.0,0,4,2,8,9,6,5,0,7,3,0,8,9,5,0,3,0,173.0,Dwight Christmas,"Dwight puts together a Pennsylvania Dutch-themed office Christmas party, but he ends it abruptly because Jim has to leave for his other job. Meanwhile, Erin seeks comfort from a co-worker after a disappointing text from Andy.",8.4,4.16,0.5625
9,0.0,6.0,2.0,24.0,44.0,18.0,37.0,0.0,10.0,2.0,0.0,8.0,48.0,3.0,0.0,1.0,7.0,0,4,2,11,17,8,13,0,7,2,0,6,12,3,0,1,2,174.0,Lice,"Pam causes a lice outbreak but lets Meredith take the blame, Jim has a business meeting with Dr. J, and some coworkers try to get Darryl and Val back together.",7.6,4.54,0.3125
9,0.0,1.0,0.0,2.0,87.0,2.0,45.0,0.0,1.0,5.0,0.0,2.0,24.0,0.0,0.0,2.0,0.0,0,1,0,2,31,1,14,0,1,2,0,2,8,0,0,2,0,175.0,Suit Warehouse,"Dwight and Clark pose as father and son to get an account, Darryl goes for an interview with Jim's new business, and everybody in the office goes crazy over a new espresso machine.",7.8,4.15,0.375
9,0.0,15.0,1.0,35.0,37.0,10.0,30.0,0.0,6.0,1.0,0.0,12.0,57.0,1.0,0.0,0.0,3.0,0,6,1,9,11,7,7,0,4,1,0,8,15,1,0,0,1,176.0,Customer Loyalty,"Dwight tries to keep Daryl from leaving Dunder Mifflin, Jim misses his daughter's recital because of an important business meeting, and Nellie is worried that Erin will dump Andy for Pete.",7.9,4.19,0.40625
9,62.0,4.0,0.0,3.0,32.0,26.0,26.0,0.0,6.0,2.0,0.0,7.0,28.0,6.0,0.0,1.0,0.0,11,2,0,2,9,10,7,0,4,2,0,5,6,4,0,1,0,177.0,Junior Salesman,Dwight gets to hire a new salesman to replace Jim when he is at his other job. But will he promote Clark or go with one of his unqualified friends instead?,7.6,4.45,0.3125
9,83.0,42.0,4.0,5.0,44.0,33.0,28.0,0.0,5.0,7.0,0.0,8.0,55.0,10.0,0.0,5.0,15.0,19,7,2,3,8,8,4,0,3,3,0,4,14,4,0,3,5,178.0,Vandalism,"Pam tries to find out who vandalized her mural, Darryl finds out that Jim is a slob, and Oscar and Kevin go to Angela and The Senator's child's first birthday party.",7.5,3.97,0.28125
9,5.0,8.0,3.0,1.0,51.0,4.0,6.0,0.0,12.0,3.0,0.0,11.0,21.0,8.0,0.0,2.0,0.0,3,4,3,1,18,4,3,0,6,3,0,5,7,5,0,2,0,179.0,Couples Discount,"Andy returns after three months to an angry office and an even angrier girlfriend, and Jim's Valentines Day with Pam does not go as planned.",7.3,4.15,0.21875
9,11.0,32.0,0.0,12.0,37.0,3.0,31.0,0.0,9.0,3.0,0.0,29.0,42.0,6.0,0.0,5.0,2.0,6,11,0,4,8,3,4,0,6,3,0,9,11,5,0,3,2,180.0,Moving On,"Andy finds out that Erin dumped him for Pete, Dwight gets Angela's help taking care of his aunt, and Pam interviews with a real estate firm whose boss is a carbon-copy of Michael Scott.",8.1,4.06,0.46875
9,31.0,4.0,2.0,0.0,61.0,10.0,15.0,0.0,5.0,2.0,0.0,7.0,9.0,5.0,0.0,21.0,15.0,12,2,1,0,19,7,5,0,2,2,0,5,5,5,0,9,4,181.0,The Farm,Show follows Dwight Schrute a beet farmer running a bed and breakfast inn.,7.5,3.54,0.28125
9,39.0,16.0,1.0,10.0,21.0,16.0,17.0,0.0,10.0,0.0,0.0,2.0,22.0,0.0,0.0,2.0,7.0,12,11,1,6,10,9,7,0,4,0,0,1,10,0,0,1,3,182.0,Promos,"The release of the documentary promos creates tension for the Dunder Mifflin employees, Dwight considers a business venture with his girlfriend's family, and Jim and Darryl have an awkward business meeting with baseball player Ryan Howard.",8.0,3.44,0.4375
9,68.0,30.0,2.0,11.0,54.0,9.0,63.0,0.0,13.0,1.0,0.0,19.0,30.0,4.0,0.0,4.0,7.0,20,8,2,2,13,5,16,0,9,1,0,6,6,3,0,3,1,183.0,Stairmageddon,"Dwight shoots Stanley with a bull tranquilizer after he refuses to go on a sales call, Jim and Pam head to marriage counseling, The Senator comes out of the closet, and Andy tries to find a talent agent.",8.0,3.83,0.4375
9,44.0,39.0,4.0,30.0,87.0,22.0,89.0,0.0,30.0,9.0,0.0,28.0,34.0,7.0,0.0,4.0,0.0,9,9,3,9,30,9,23,0,11,6,0,13,11,5,0,4,0,184.0,Paper Airplane,"The employees hold a paper airplane competition, Andy gets an acting role in a workplace safety video, and Jim and Pam's marriage tensions continue to build.",8.0,3.25,0.4375
9,31.0,23.0,8.0,19.0,76.0,11.0,73.0,12.0,31.0,15.0,2.0,18.0,45.0,17.0,15.0,8.0,13.0,15,9,6,10,27,6,33,5,14,9,2,13,21,11,5,7,6,185.0,Livin' the Dream,"Dwight becomes regional manager after Andy quits his job, Jim dedicates more time to his Dunder Mifflin job to save his marriage, and Angela has problems with her new living arrangements after her breakup with The Senator.",9.0,3.51,0.75
